cost_generation,cost_redispatch,total_cost
54872.43378975243,-3873.440474423975,50998.99331532846
42957.93079163012,-4454.189170151593,38503.741621478526
29344.86307653093,-5162.219987336437,24182.643089194495
23311.634544847584,-5469.831860562181,17841.8026842854
17574.630759556716,-5665.452035732424,11909.178723824292
5481.233933980433,-4933.110426804511,548.123507175922
0.00013281382869707227,0.0,0.00013281382869707227
0.00013526809770608557,2.5430589947011755e-6,0.00013781115670078673
0.0001374346074458252,1.9226309537055352e-6,0.00013935723839953072
0.00015422386793917273,0.0,0.00015422386793917273
11104.130789025774,-5310.587768899532,5793.543020126242
28997.91318009553,-5656.089133479583,23341.824046615948
41462.15051440934,-5246.823279626684,36215.32723478266
47396.09921260804,-5113.03003203062,42283.06918057742
52212.26813430233,-4893.486518043781,47318.78161625855
58299.62168476349,-4865.178359535396,53434.443325228094
70421.54379130778,-6840.6750201042005,63580.868771203575
86579.68278064324,-8147.04215431288,78432.64062633037
82051.97546039149,-8242.66353530382,73809.31192508768
65197.89711658861,-6170.079744969595,59027.817371619014
43040.993801590645,-5439.765996754231,37601.22780483641
36362.13787207552,-5777.378671290273,30584.759200785244
31019.174136461523,-6057.283020531384,24961.89111593014
8140.380478009624,-6911.798844680671,1228.581633328953
0.00012164820993119328,0.0,0.00012164820993119328
0.0001392546713422667,0.0,0.0001392546713422667
0.0001399806421371073,0.0,0.0001399806421371073
0.00013790217170765208,0.0,0.00013790217170765208
6321.659018446988,-5689.492995434576,632.1660230124116
32480.267017803762,-5934.721153982948,26545.545863820815
77965.78134643656,-8229.33733185339,69736.44401458318
133335.93519544072,-9066.14071780019,124269.79447764053
177013.39544172102,-8604.8722980488,168408.5231436722
197865.97262401742,-8373.504302035302,189492.46832198213
208406.11078935032,-8054.21652017751,200351.8942691728
207658.4223666439,-8144.132789740521,199514.2895769034
205956.91734762394,-8277.743984783125,197679.1733628408
206651.81562410813,-8273.597772628425,198378.2178514797
209044.86635871298,-8122.434293522081,200922.4320651909
210697.7214483838,-7994.98549473416,202702.73595364962
210045.60198017533,-7982.590336853562,202063.01164332178
241973.01212001801,-10878.436657672732,231094.5754623453
250780.90496223496,-11212.146279850884,239568.75868238407
234836.56422896215,-10123.363643966299,224713.20058499585
213172.86381224365,-7493.155984810181,205679.70782743348
204577.64046626305,-8493.53703250368,196084.10343375936
183858.6728829066,-8821.346444829129,175037.32643807746
139463.34979803843,-8494.417616814895,130968.93218122353
115521.73229163488,-8709.878625908774,106811.8536657261
98878.5568364495,-7115.350297502204,91763.2065389473
95725.87369272998,-7165.470690499065,88560.40300223092
95735.77562817065,-7208.486664631137,88527.28896353951
93660.99487682112,-7425.913088983595,86235.08178783752
92125.60961881932,-7648.905432041502,84476.70418677782
128665.6525888318,-8717.71382005113,119947.93876878067
172224.0006536211,-8139.808190146159,164084.19246347493
209235.66705669672,-9790.85213474074,199444.814921956
229060.19400216182,-11938.64655753812,217121.5474446237
261686.47089294932,-13874.54307320231,247811.927819747
293513.2594279056,-22357.319832103432,271155.93959580216
310347.20332734217,-28967.00254963987,281380.2007777023
327229.2625958129,-39639.255736890336,287590.00685892254
328584.56795951363,-42306.12870804395,286278.4392514697
329402.9722359759,-31913.094256120923,297489.877979855
325029.84098604956,-29622.190907037264,295407.65007901227
337935.6968465653,-32401.73413453187,305533.9627120334
302877.95573207707,-28657.832622902028,274220.12310917507
248489.7953259627,-17801.044455949297,230688.7508700134
210097.63150079554,-12969.220874576604,197128.41062621895
190798.96619588544,-9311.819494477688,181487.14670140776
171003.22459631794,-7090.527607920342,163912.6969883976
130380.84438695628,-8484.96579378367,121895.8785931726
98157.92569909063,-7383.437182752509,90774.48851633813
88799.4786311482,-7540.57601040867,81258.90262073954
86365.11576313103,-7516.4943316551335,78848.6214314759
91229.4426666416,-7327.479975516391,83901.9626911252
95320.74330802295,-7231.507423519265,88089.2358845037
110563.7699623102,-9808.252870188282,100755.51709212191
158232.3630166322,-12951.837019554487,145280.52599707773
212977.7571767518,-15646.23843856247,197331.51873818933
251244.9886515377,-18548.53529215525,232696.45335938243
249199.25120060227,-9477.775331025563,239721.4758695767
266287.5837509714,-12523.699399668696,253763.88435130272
277454.3655350611,-15382.126571652885,262072.23896340822
281779.8382697989,-16260.894704861968,265518.9435649369
292285.287044573,-18259.32152197805,274025.9655225949
293249.41053650196,-18307.8922788797,274941.51825762226
316426.42125007976,-32771.16734176563,283655.25390831416
335607.15115407587,-44609.828176460665,290997.3229776152
377917.22632308805,-48284.2103284778,329633.01599461026
371610.14091460063,-44562.74137039555,327047.39954420505
312041.3575208644,-32627.6241756882,279413.7333451762
264051.7123353855,-19696.569813799706,244355.1425215858
238038.02215991955,-16751.174131913314,221286.84802800624
210220.24001725623,-13989.154397861059,196231.08561939516
159248.74316342155,-12642.054628547077,146606.68853487447
126808.24163696726,-11853.077972028175,114955.16366493909
108354.22100866133,-10548.120147705444,97806.10086095589
101216.28501923675,-8756.174024059614,92460.11099517714
101663.2151057348,-7867.073613034692,93796.1414927001
109740.42167143132,-9019.040951664672,100721.38071976665
122270.91089637748,-9060.910303784152,113210.00059259332
173359.33830045044,-10732.657229661976,162626.68107078847
232106.6676772313,-14485.21773709108,217621.44994014024
274681.2633416325,-19828.897972399103,254852.3653692334
262955.0553676644,-11628.149121995191,251326.90624566918
273253.1298670467,-14434.91322296926,258818.21664407747
282637.58199669066,-16837.955253681022,265799.62674300966
284390.47381968366,-17169.590916249228,267220.88290343445
289291.5313448364,-18018.90258642744,271272.62875840894
285358.0552796695,-16995.92575804603,268362.1295216235
294770.2042417719,-7979.433791056149,286790.77045071573
317464.0168247985,-2203.89009551409,315260.1267292844
385673.5370973404,145.10183448633643,385818.63893182675
380044.2262257152,1082.8814786592995,381127.1077043745
339479.11833102495,-2960.5897845086574,336518.5285465163
300723.8515836239,2878.89439010968,303602.7459737336
264790.5713097937,7717.335367421546,272507.90667721524
232935.96401511808,8851.448622245725,241787.4126373638
199442.32334362977,-6984.516157499765,192457.80718613
163602.8293660777,-11039.984111511141,152562.84525456655
138586.6993162717,-10038.788777263739,128547.91053900796
129418.67111644929,-9835.339431511138,119583.33168493815
133025.46968810196,-10208.390692718716,122817.07899538324
139543.94086286775,-10589.334881627801,128954.60598123995
150266.14697326798,-11040.912453573137,139225.23451969484
197190.4768791104,-12881.148956401701,184309.3279227087
258233.55157702422,-17722.556904098106,240510.9946729261
295177.20460432,-25526.72934975486,269650.4752545651
288845.57396649226,-17585.993784755523,271259.58018173673
299093.77339003043,-19689.9658384805,279403.8075515499
316195.21825570846,-21272.878440910863,294922.3398147976
320794.49425022607,-21986.92966332063,298807.5645869054
309611.7350681477,-20322.84212639371,289288.892941754
299967.60291345336,-19928.26746556033,280039.335447893
308988.4241211468,-20405.99921033521,288582.4249108116
320718.8814080545,-22791.48129971257,297927.40010834194
383412.0324882888,-21895.57047649437,361516.46201179444
378694.53262512386,-20558.038544219715,358136.4940809042
340705.71398615243,-23352.30332290115,317353.4106632513
290672.0650692594,-18763.607284385987,271908.4577848734
264808.37886332144,-13274.697616119363,251533.68124720207
226344.87450984726,-10160.790588159352,216184.0839216879
190375.72006484013,-9670.607408941974,180705.11265589815
161801.1853337438,-11861.165653468943,149940.01968027485
147997.51056969503,-14396.750414660793,133600.76015503425
137845.23887635628,-15438.135131572712,122407.10374478357
143600.50437342,-15462.082069584198,128138.4223038358
140756.49079413334,-13504.127569190065,127252.36322494327
123882.20175233789,-9367.879385898408,114514.32236643948
108121.4842167973,-7606.540448166598,100514.94376863069
114642.29175501276,-8042.563635482726,106599.72811953003
150093.3224526352,-7622.347733840659,142470.97471879455
174436.87396302124,-7519.110307821469,166917.76365519976
181211.05757777084,-7765.064274396218,173445.99330337462
182124.3072828172,-7977.721201022534,174146.58608179467
179500.41617850028,-7958.112271400167,171542.3039071001
184434.24069984604,-7766.690522152797,176667.55017769325
180153.25159266786,-7721.54937183463,172431.70222083322
186652.5876883428,-7609.284795532567,179043.30289281026
187039.83555552756,-7720.1511135637875,179319.68444196376
209717.75483886182,-7290.878557988333,202426.8762808735
204289.28943896006,-7661.427070154448,196627.8623688056
190416.50507368427,-8122.879377306227,182293.62569637803
164258.43714631448,-8506.246529436301,155752.1906168782
145258.79373391456,-8788.615532336571,136470.17820157798
135009.1605803022,-8937.006834562106,126072.1537457401
105316.81892223524,-8515.309803355793,96801.50911887945
76597.1462334729,-7878.337880399926,68718.80835307298
60677.61556906388,-5247.578665896955,55430.036903166925
53550.7180491711,-4718.984445293419,48831.73360387768
46900.15615333057,-5013.2490244215105,41886.907128909064
51449.22861624913,-4713.326406061551,46735.902210187574
48715.29716263017,-4814.095586043557,43901.201576586616
39473.466484327124,-5163.474492887835,34309.99199143929
42828.860499251314,-4981.797419414211,37847.063079837106
64450.30741976162,-5427.169922804884,59023.13749695674
98602.28963711634,-7181.610687883138,91420.6789492332
135363.6808452154,-8049.621679587112,127314.05916562828
170620.2901610086,-7359.306732031058,163260.98342897755
188919.38537930368,-7036.645002425926,181882.74037687774
176862.74990504916,-7258.6274770432665,169604.12242800588
171898.67707389477,-7158.752524069964,164739.9245498248
168790.6172011828,-7147.750811266235,161642.86638991654
176059.84171703208,-7176.145174110597,168883.69654292148
220608.1772432123,-7310.12433383336,213298.05290937892
225827.19013529943,-8632.992199127682,217194.19793617175
221535.26743663545,-7820.439354877999,213714.82808175744
197505.48426088298,-7450.098404395567,190055.3858564874
192063.53263630642,-7471.469670590103,184592.06296571632
193212.46662858565,-7257.2185524532215,185955.24807613244
162176.6236909775,-7672.922127318684,154503.7015636588
125473.08318890515,-8395.20692261364,117077.87626629151
96713.60214575745,-7590.664573621025,89122.93757213643
85957.86628368688,-8025.702310430669,77932.1639732562
82629.86211795578,-8263.155170613089,74366.7069473427
80869.28608176869,-8428.568086771433,72440.71799499725
101978.65439266333,-8241.9966536253,93736.65773903803
193484.44001436644,-8630.181858304648,184854.25815606178
257741.2544583158,-12467.557916963062,245273.69654135272
282587.25707380474,-16372.276834219461,266214.9802395853
276712.1446774468,-15605.687384869558,261106.45729257725
281874.4269859779,-19060.273090438397,262814.1538955395
295088.6171158128,-21943.481500626986,273145.1356151858
293679.5504494581,-21624.39042256422,272055.1600268939
298304.85054882045,-22463.903979775736,275840.9465690447
299161.98658785835,-22466.00975217322,276695.97683568514
307981.9612151916,-22705.366877852724,285276.5943373389
305312.5246331938,-22388.847759767246,282923.67687342654
337584.23205111275,-25482.797595351756,312101.434455761
336470.7095840509,-25324.647657172507,311146.0619268784
307193.9677912752,-22281.684270124675,284912.28352115053
267647.67424520757,-14863.518560032195,252784.15568517538
236884.56064676357,-10758.624874248735,226125.93577251484
196974.74995641803,-8542.707684501618,188432.0422719164
153115.1116403787,-9070.762195826406,144044.34944455227
113331.96482065761,-9782.821664373452,103549.14315628416
100900.0107446097,-8000.992212063345,92899.01853254635
98923.02381313902,-8029.988095169819,90893.03571796921
104463.14732794186,-8623.618725098195,95839.52860284367
122717.3583262036,-9465.921772376369,113251.43655382722
151767.38705300874,-9078.77086135756,142688.61619165118
237878.85138762038,-10902.1608549511,226976.69053266928
314678.87564890936,-24054.37098770186,290624.5046612075
351951.16231470695,-38711.36791452452,313239.79440018244
329071.2020515952,-11902.793506422404,317168.4085451728
332389.86890498677,-12263.19507793516,320126.6738270516
320755.2941043371,-20990.330036759486,299764.9640675776
313272.95662145474,0.0,313272.95662145474
317149.7548759316,0.0,317149.7548759316
309718.8870717228,0.0,309718.8870717228
308185.7830456383,0.0,308185.7830456383
310635.06238303,-23383.52671655062,287251.5356664794
347072.8493866791,-25500.489619547352,321572.3597671318
351046.34380972787,-24961.521258822417,326084.82255090546
327114.08567550994,-25665.118504607944,301448.967170902
288206.8433261538,-20089.477300162944,268117.36602599086
270163.34426973347,-15539.767620172759,254623.5766495607
236665.33433880197,-10570.75222150793,226094.58211729405
176364.71168597357,-8584.508361021279,167780.20332495228
136486.54524448843,-9051.67876472099,127434.86647976744
117613.11363270426,-9426.651127929044,108186.46250477522
114683.60203728695,-9542.668007154454,105140.9340301325
117500.47827520239,-9484.590138694297,108015.88813650809
128302.72574099991,-9235.715219348122,119067.0105216518
149940.72766288073,-9000.894775981971,140939.83288689877
214835.66446615846,-7853.259953617987,206982.40451254047
282225.56787209166,-18894.281678908003,263331.2861931837
302940.94887383294,-23024.262587370027,279916.68628646294
277826.83073682996,-18116.52059077354,259710.3101460564
274952.6647002198,-17518.225378356732,257434.4393218631
269559.02853042627,-16165.064879687583,253393.96365073867
267480.9722178167,-15593.239878580069,251887.73233923662
286837.8313724389,-20663.538297265113,266174.29307517374
290261.8829232011,-21120.456136702345,269141.42678649875
313302.2356864846,-23906.472339228392,289395.76334725623
333735.487596169,-26475.936753226895,307259.5508429421
362175.9141134934,-23037.646879824526,339138.2672336689
353191.79020220274,-24297.80365854428,328893.9865436585
329259.0293494556,-25763.663811993447,303495.3655374622
283906.99554056436,-19057.625727401053,264849.3698131633
276062.72833174316,-17038.910075007145,259023.818256736
229565.68052774214,-10116.182929028979,219449.49759871315
174784.85060627697,-8552.708908921584,166232.1416973554
133976.97915137792,-9025.93249240922,124951.0466589687
115880.02481040977,-9416.106634865593,106463.91817554418
108860.86509397326,-9162.914407789383,99697.95068618387
111870.88072257141,-9612.508735589228,102258.37198698218
116121.51421716313,-9508.8308930194,106612.68332414373
126581.6187681093,-9267.142320850458,117314.47644725884
187954.5809252835,-8584.799751874394,179369.78117340908
242224.1402958384,-11078.073373632258,231146.06692220614
250474.8336281625,-11701.86931263441,238772.9643155281
221293.06666499775,-9264.267315452673,212028.79934954506
214337.5227754498,-8387.611759130576,205949.9110163192
209465.26678720574,-8616.06686153107,200849.19992567468
208105.5104942624,-8672.259821584164,199433.25067267823
219751.38312706118,-9108.579014672434,210642.80411238875
220189.69805190482,-9076.17007469386,211113.52797721096
221344.37588055502,-9127.547439175012,212216.82844138
241764.06768052708,-10976.27654246934,230787.79113805774
285881.5831193456,-19516.057200058716,266365.5259192869
294907.591328495,-21278.146485826353,273629.44484266866
275796.3681195509,-16902.47994475757,258893.88817479336
246439.99581589072,-10978.474962744505,235461.5208531462
233887.05698448248,-10308.185680687699,223578.8713037948
205864.18297071458,-7987.276945827203,197876.90602488737
161435.69764696277,-8828.78426085213,152606.91338611065
121796.64296019662,-9434.959594207314,112361.6833659893
103580.88172289079,-8440.751150215197,95140.13057267558
97633.02572627013,-8070.272772271463,89562.75295399867
105544.9155221182,-8811.87290559829,96733.04261651992
115888.62767488205,-9698.198222356685,106190.42945252536
131297.36775958218,-9246.09514040031,122051.27261918187
208168.66867935614,-7884.605268826285,200284.06341052987
280184.985804863,-17749.225324042538,262435.76048082043
310106.0879204166,-22119.470557912,287986.6173625046
306856.0417974352,-21767.83154703168,285088.2102504035
306666.3911287105,-21701.14665991731,284965.24446879316
312152.30083651195,-22157.272848541717,289995.0279879702
316276.7276309247,-22465.155342029517,293811.5722888952
314495.96347631724,-21894.65369930838,292601.30977700884
314557.8592555912,-21460.7863517753,293097.0729038159
326855.8345804939,-23080.418795944923,303775.41578454897
351183.1847150535,-20198.942405184076,330984.2423098694
402886.42589577014,-20236.614498519557,382649.81139725057
389866.1154831567,-20363.707465393512,369502.40801776317
342005.7923952744,-23914.54780372411,318091.24459155026
287573.3123819924,-19193.273324811875,268380.0390571805
261427.90796183102,-12421.5482147514,249006.3597470796
256269.5110464209,-10679.572280436974,245589.9387659839
211988.80614932845,-6647.3031355522635,205341.50301377618
183332.06217598438,-7094.216337863707,176237.84583812067
172124.09760605142,-7081.5629915431455,165042.53461450827
149660.71699617754,-7627.159805252323,142033.5571909252
132634.97821086776,-8276.923132704387,124358.05507816338
122391.01678147097,-8774.823692397442,113616.19308907352
109160.41007171285,-9083.372316392422,100077.03775532043
112999.89529469788,-9442.148315641578,103557.7469790563
142682.50796610516,-8743.092363374819,133939.41560273033
177296.71017639607,-8106.614529388813,169190.09564700726
211378.21385079552,-7127.559895841931,204250.6539549536
224266.2058676435,-8558.823831689171,215707.38203595433
218582.96258813055,-7431.576105456634,211151.38648267393
206176.2667268606,-7430.4361397661505,198745.83058709445
189870.00059571728,-8014.707316584316,181855.29327913298
193479.3401938151,-7901.314804707093,185578.025389108
218268.3198551043,-7254.940482975074,211013.37937212922
238963.0991474908,-9471.251902237005,229491.8472452538
277120.59421552916,-16266.203556513618,260854.39065901554
283878.63342916465,-17916.476273532975,265962.1571556317
267410.15998907236,-13715.021895991516,253695.13809308084
225880.0610322872,-8967.9353159374,216912.1257163498
201132.03196364647,-7656.772254455921,193475.25970919055
192518.0753473623,-8095.101402226554,184422.97394513575
154561.35183519791,-8714.448724941276,145846.90311025665
119961.83356149378,-9342.106280485135,110619.72728100864
98109.42216316333,-7938.292598683208,90171.12956448011
93266.07212476154,-8170.589485739987,85095.48263902156
83832.10987295095,-8424.012849614492,75408.09702333646
79754.79290243787,-8463.848232024164,71290.94467041371
74501.79803720639,-7847.851413561684,66653.9466236447
62717.208507635754,-5889.036341781964,56828.172165853786
66385.0419316538,-6494.590935295218,59890.45099635859
82275.46234138847,-8455.417545576493,73820.04479581198
101868.11815060451,-8246.342214382956,93621.77593622156
114203.4908922802,-9750.931854899778,104452.55903738042
128442.73383485414,-9252.220991946122,119190.51284290802
133257.0908011526,-9138.487750024678,124118.60305112792
124359.43054074408,-9149.645306327771,115209.78523441631
131147.454520129,-8978.336353363175,122169.11816676581
134023.60885736044,-8938.181069798133,125085.42778756231
142738.16322263316,-8941.799426493155,133796.36379614
182920.62521593377,-8597.767302820028,174322.85791311375
194734.7979724827,-8514.083344831142,186220.71462765156
185739.22402181852,-8619.01335889628,177120.21066292224
167108.78755353967,-8824.813380749587,158283.9741727901
161370.9718262716,-8916.935244060538,152454.03658221106
161197.66805177944,-8955.537158405166,152242.13089337427
128987.30744373516,-9355.608761711996,119631.69868202317
107986.69153828532,-9215.54901560589,98771.14252267942
102714.85257637715,-8297.516486893614,94417.33608948354
99876.55289969321,-7953.1663226907385,91923.38657700247
105593.6900524522,-8706.404769878649,96887.28528257356
115970.00039191436,-9448.456051630843,106521.54434028352
147121.66575439536,-8678.258917689094,138443.40683670627
244665.7966985676,-10296.461633165247,234369.33506540235
337966.06849702925,-24142.937994278458,313823.1305027508
369794.97078410274,-19651.160933499086,350143.80985060363
348968.9253234238,-22613.09882718741,326355.8264962364
325056.9401878394,-23794.748417261024,301262.1917705784
318540.75466398447,-22779.216219691843,295761.5384442926
336810.06507856504,-23833.421030960413,312976.64404760464
353000.4661941032,-21286.864518361155,331713.601675742
374390.1806574003,-18573.740119185757,355816.4405382145
419033.0555894262,-29715.251046575635,389317.8045428506
464335.0510142079,-46533.43538838999,417801.6156258179
533788.2742370032,-61090.63828070933,472697.63595629385
541034.9114489268,-60078.906869649465,480956.0045792773
506804.0447287596,-44607.47912062007,462196.56560813956
457231.59241378045,-33498.93390113769,423732.6585126428
435928.92583544966,-30578.490269120717,405350.43556632893
383864.0722622186,-26174.571327098507,357689.50093512004
307586.6669792245,-27442.44104064062,280144.22593858384
278717.2457581919,-21753.376883789304,256963.8688744026
258237.65428842875,-18484.457579565395,239753.19670886337
247742.63513151582,-18391.19688796183,229351.438243554
247224.7026046013,-18421.33196481664,228803.37063978467
254026.4449433319,-18298.529485491217,235727.9154578407
280326.3822661724,-22839.138403179546,257487.24386299285
387015.7037387563,-30454.32021769601,356561.3835210603
461189.8273904009,-37900.25493902045,423289.5724513805
468738.89346008503,-34818.5681057932,433920.3253542918
403238.59321173764,-21207.84975167242,382030.7434600652
360687.4309400039,-20742.883147313692,339944.5477926902
335423.83716392255,-24987.29262172488,310436.54454219766
306663.5156505218,-21999.07878859621,284664.4368619256
300337.66538730985,-21772.96762841206,278564.6977588978
302948.0092063972,-21936.513418124618,281011.4957882726
326156.48841248825,-24430.674650326782,301725.8137621615
349589.7027893271,-22656.399945822952,326933.3028435041
400615.66357711644,-21800.333469458332,378815.3301076581
404318.5396588808,-21975.399528552443,382343.14013032836
388913.6102314607,-20783.94519810643,368129.6650333543
384987.5584924009,-21368.651218899595,363618.90727350133
358004.9041211697,-23141.80571596491,334863.0984052048
311276.2721507746,-23626.857558095533,287649.41459267907
268636.32059954363,-15500.888258555717,253135.4323409879
239186.48541035163,-11936.112347156693,227250.37306319494
220381.234411438,-10276.782254329939,210104.45215710805
219630.41421176918,-11104.73619845647,208525.67801331272
221843.95791640747,-11479.927867957233,210364.03004845022
231141.24418788147,-13831.624272584846,217309.61991529661
259265.16321450897,-16719.52827843895,242545.63493607
358354.2033211795,-31569.590577745923,326784.61274343356
446689.56255223264,-32277.346457121646,414412.216095111
443122.9972222056,-26764.855729168747,416358.1414930369
395933.9515672905,-20316.123477526227,375617.8280897643
367878.2393468632,-6687.427789203008,361190.81155766017
364306.96901435853,-13956.079273272411,350350.8897410861
355999.9232268773,-2302.6690872366657,353697.2541396406
376021.24419589207,-3601.3134936671613,372419.9307022249
432505.8151523362,-1744.1327442263796,430761.68240810983
543828.576806359,-104.23290342254091,543724.3439029364
631738.7163521744,-3600.2271463060133,628138.4892058684
696733.1854007005,-4743.106965874002,691990.0784348266
680511.6369865157,-1134.18276964793,679377.4542168678
615151.5493177183,-409.52670469965165,614742.0226130186
532621.4491938576,-887.4195791127445,531734.0296147448
491678.42466157733,-2269.937808099332,489408.486853478
433212.5758892084,-409.32535858062465,432803.2505306278
362431.6402175311,1114.8197684642782,363546.4599859954
310166.2213953332,377.1252357799963,310543.34663111315
287173.5218341465,345.05298433651,287518.57481848303
273438.8483904193,650.6028658138885,274089.4512562332
280374.7264391141,889.0020467021584,281263.7284858162
284947.1401003959,1044.0657867520124,285991.2058871479
332079.53958945215,1648.0463927789015,333727.5859822311
469075.70611351886,-1037.9323539440838,468037.77375957475
582304.1345647371,538.567486418736,582842.7020511559
614063.1415945283,-452.4908256760225,613610.6507688523
568655.5808262343,-384.01679628434977,568271.56402995
601172.9600855153,-905.3962432279782,600267.5638422873
629330.3010992843,-1281.1472934395551,628049.1538058447
652226.7494973328,-1454.5865577664817,650772.1629395663
659126.545270883,-1393.873261192024,657732.672009691
650879.023697308,-1011.6401174574803,649867.3835798505
644895.9368183338,-597.116159777084,644298.8206585568
635502.5403495159,-2144.92253685137,633357.6178126645
695422.0319303593,-5488.6816627160115,689933.3502676433
723941.1584598678,-7453.907065670552,716487.2513941972
719172.462018697,-7465.290026753224,711707.1719919438
670636.1744019969,-4876.369392204775,665759.8050097921
656663.5727364433,-4070.893024348439,652592.6797120948
556718.5598625388,-1801.2591032884775,554917.3007592503
407477.4863712962,1253.9645374863917,408731.4509087826
304437.9586711923,256.8676777580955,304694.8263489504
262235.4254110931,204.3998491582455,262439.82526025135
244485.5060833759,200.70122665991505,244686.2073100358
255594.4083853196,254.820054180532,255849.22843950015
273981.4078719662,323.02693065365224,274304.43480261986
328762.1353057051,465.9466412645552,329228.0819469696
462315.49383630865,441.55999798264554,462757.0538342913
583759.83938,-1614.4346919718291,582145.4046880282
631515.4515200781,-324.3429221597612,631191.1085979184
574633.5945779481,-362.91137328391414,574270.6832046642
533654.0057066954,-916.8218214626258,532737.1838852328
516331.64531555056,-1427.360608214478,514904.2847073361
515501.09893452364,-1338.8412212397634,514162.2577132839
523902.09136124834,-714.0356938144414,523188.0556674339
567597.6350460905,-885.1037076812122,566712.5313384093
616832.2332543731,-583.2491104327623,616248.9841439403
666101.7184109458,-468.625666550648,665633.0927443953
678480.9184863026,-547.9018815272032,677933.0166047754
641795.8988961894,136.70599001998127,641932.6048862094
567647.3603683778,942.9004401224304,568590.2608085002
471443.8330005321,984.1898489305345,472428.02284946264
415296.08801358845,-1126.5250843534159,414169.56292923505
351507.9722535688,1539.9149122079634,353047.8871657768
275676.21532137797,6566.603930302275,282242.8192516802
228575.83332637756,8414.897438780823,236990.73076515837
209068.63006228133,8987.348448119381,218055.97851040072
196755.48241695281,9564.443044806354,206319.92546175918
185477.84759800372,9004.842519130054,194482.69011713378
177550.83227950847,9054.901803845616,186605.7340833541
159970.51891536778,9462.93273033341,169433.4516457012
146735.0070961819,10091.89522381206,156826.90231999394
166568.45490118195,11187.79179138166,177756.2466925636
189468.11633987172,11461.215041261126,200929.33138113286
212983.0724483955,7715.083818785122,220698.15626718063
218714.9705803511,7640.415118806656,226355.38569915775
222933.48629799526,-3585.861659569833,219347.62463842542
215737.8473960069,-4851.375625055116,210886.4717709518
203502.49358539737,7086.170419128875,210588.66400452625
196353.3784932756,9328.82712092873,205682.20561420434
203392.16061330866,10248.139039916541,213640.2996532252
217409.0999453666,9643.240101152378,227052.34004651898
258279.61085635328,5237.846892736636,263517.4577490899
277781.6828044561,5303.173644998203,283084.8564494543
242384.07101208178,3240.101324364469,245624.17233644624
209473.6204169011,5224.559610692013,214698.1800275931
209093.46517537223,3587.80378620102,212681.26896157325
200720.6073869859,3844.122941885919,204564.73032887184
162682.13267568324,7738.605078721094,170420.73775440434
120934.11026295644,7202.692193914589,128136.80245687102
102720.3056705016,5432.954028416882,108153.25969891848
93918.65707218817,5695.096525255749,99613.75359744392
92104.70781073981,4796.309799550686,96901.0176102905
95896.8440007258,5812.703720402751,101709.54772112856
93196.81009157929,-103.14211261051994,93093.66797896876
85305.62035450558,-6144.780212392862,79160.84014211272
87564.27544825849,-4672.249765907635,82892.02568235085
94004.40086966025,4627.903060900731,98632.30393056099
136995.51322080352,-6411.057393135475,130584.45582766805
147845.2908190999,11093.774790348662,158939.06560944856
181797.77451844738,10048.237337420069,191846.01185586746
198154.79393237707,9142.692651006919,207297.486583384
203767.07333605734,3658.6612343201487,207425.73457037748
189862.75903967692,3525.669882856431,193388.42892253335
181793.0562566178,4966.654454844217,186759.71071146202
180251.99987907533,4587.848593233304,184839.84847230863
232040.63106451003,4205.276201193338,236245.90726570337
280198.70146834396,3667.7925927067618,283866.4940610507
287628.13762181334,2804.504647646436,290432.6422694598
296606.8114019105,1947.7434178045987,298554.5548197151
309695.7404435842,1802.1738684312613,311497.91431201546
327899.9568737977,1672.9847738092876,329572.94164760696
287737.1531639892,1154.224446152908,288891.3776101421
239421.45290778167,1421.8267373018193,240843.2796450835
230000.2199820761,1098.2223075493962,231098.44228962547
238121.8407883303,503.34798190436254,238625.18877023467
246922.61364025262,427.0590741389535,247349.67271439158
272468.7724690999,393.3215852099736,272862.0940543099
330642.7013861802,473.52639395035635,331116.2277801305
519962.04645717255,-799.8007445016419,519162.2457126709
664627.9083119761,-3918.0470515863235,660709.8612603898
670850.1297752964,-614.9059493826787,670235.2238259137
595850.3251371469,-683.57458790896,595166.750549238
558570.2728831631,-958.1726408225131,557612.1002423406
506167.0640047863,-1502.9236527820872,504664.1403520042
441329.6087147041,-2383.3457753007488,438946.26293940336
413133.804681841,-1105.1641964046962,412028.6404854363
414564.48328762164,-23048.121511875797,391516.36177574587
423027.5126633246,-32648.627029466792,390378.8856338578
422361.1088107375,-37459.31406545159,384901.7947452859
442307.03355039767,-34502.22205517062,407804.81149522704
441876.64971825096,-31701.864272394643,410174.78544585634
396587.27784518903,-24025.673381756023,372561.60446343303
338880.2265341629,-22872.94612217213,316007.28041199077
297227.00607393525,-20423.254809564765,276803.7512643705
255487.16359085776,-10694.659265462853,244792.5043253949
190981.96221430443,-7882.88189493117,183099.08031937326
160914.43855155117,-8373.304765431218,152541.13378611996
146338.84420804246,-8588.553245068928,137750.29096297352
141907.15924258373,-8622.473294540578,133284.68594804316
151966.25504677344,-8304.917827159721,143661.33721961372
177586.07780601707,-7488.385376965268,170097.6924290518
222659.7207094557,-7384.556857541574,215275.1638519141
315229.5737541322,-20993.84542550304,294235.72832862916
372468.56654289516,-19115.13262255942,353353.4339203357
383000.1040555005,-20777.61577646538,362222.4882790351
345562.79942078935,-24132.738260012917,321430.0611607764
337021.3048228618,-25767.14692309566,311254.1578997661
347620.23451790866,-24421.868678185903,323198.36583972274
354317.222669976,-23384.629122846993,330932.593547129
371586.0723330121,-21092.130471352466,350493.94186165964
377327.57728279533,-21287.973915701696,356039.60336709366
398949.26029330626,-22327.363075517234,376621.897217789
392398.6971664973,-20964.789526491248,371433.90764000604
432817.85887429846,-24518.687080398566,408299.1717938999
460633.9447095234,-28288.210182067898,432345.7345274555
447470.0754401317,-27032.530306430093,420437.54513370164
425818.4073938455,-24796.51259563651,401021.89479820896
401163.37727036304,-23070.436791594206,378092.94047876884
338323.5193973447,-24691.361047771006,313632.15834957367
267949.16369974596,-13429.627294865744,254519.5364048802
225926.14152091157,-8548.813758739036,217377.32776217253
219251.998798326,-8187.831539038858,211064.16725928715
212429.9116648385,-9313.572808364857,203116.33885647362
216032.7127758623,-11253.467520351809,204779.2452555105
235276.4546941191,-15740.67795038211,219535.776743737
269378.60094550136,-20823.348701311363,248555.25224419
392785.4727376834,-35654.30891982205,357131.16381786135
470948.7024064686,-31096.12553936785,439852.5768671008
458668.6359090844,-14438.220924808302,444230.4149842761
413536.3566021535,-5097.777070763768,408438.57953138975
409129.91048693715,-16830.60284023242,392299.3076467047
393778.0201148797,-8784.940094469632,384993.08002041007
380952.2781319753,779.3573833025257,381731.63551527786
389097.6594072386,529.3993850813022,389627.0587923199
391733.9700348942,999.7087364883382,392733.67877138255
409345.5423274212,559.8443442407947,409905.386671662
416790.7265676097,653.5386926544679,417444.26526026416
448552.2360049015,-4172.802987296404,444379.4330176051
469561.00807554903,-12935.859247331917,456625.1488282171
437170.0519059648,-19692.776801083543,417477.27510488126
397256.1285287658,-21536.251286869552,375719.87724189623
356729.15486332774,-25248.597326510928,331480.5575368168
314461.66153213574,-23153.62007849465,291308.0414536411
249704.54492760482,-9232.424715890733,240472.1202117141
211186.6192294207,-6190.986637663171,204995.63259175752
179233.09165164587,11418.155911330137,190651.247562976
170420.97645879549,8947.384128351163,179368.36058714666
172213.4511939421,7998.870045922624,180212.32123986474
177329.81375308914,6015.262169555263,183345.0759226444
210982.99935192862,-6398.441196417318,204584.5581555113
293901.1744573085,-19973.29736204333,273927.87709526514
357016.18003983254,-23651.718292879712,333364.46174695285
361405.0440784116,-22947.226281855663,338457.81779655593
345792.47016309516,-24343.57729080513,321448.89287229005
337426.00817885523,-25084.753969656664,312341.2542091986
322786.7157546571,-23591.437834291744,299195.2779203654
315389.5414332896,-22666.071996383038,292723.46943690657
309423.0246970675,-22038.675055017287,287384.3496420502
310993.66531014116,-22249.2671525218,288744.39815761935
326281.58857681823,-24345.281638769087,301936.30693804915
322612.38181527366,-23636.446385719533,298975.93542955414
343657.02715669206,-23581.469791933458,320075.55736475857
369372.9594998338,-20037.48991174162,349335.4695880922
355486.19596857455,-21992.878251996233,333493.3177165783
306723.2721421912,-21667.253610719705,285056.0185314715
289204.6920511517,-19168.595642453474,270036.09640869824
262656.0434326087,-12596.816566401829,250059.22686620688
227217.747364018,-9173.664366724099,218044.0829972939
191548.65172128336,-7663.832991544169,183884.8187297392
175993.35123906715,-7743.436526807905,168249.91471225925
174333.53650143393,-7655.222692960563,166678.31380847338
178209.53577102828,-7417.714583294206,170791.82118773408
192590.02170878064,-7068.676468957442,185521.3452398232
195699.98775443618,7773.736168986917,203473.7239234231
296784.3979969194,-22935.955248240632,273848.4427486788
359626.2117542862,-27759.20150343941,331867.0102508468
415595.6709106305,-27649.479435353496,387946.191475277
385112.1708292337,-19646.162663282612,365466.0081659511
397343.42374132393,-20120.476598906484,377222.9471424174
405110.68546690524,-21732.202177478917,383378.4832894263
393425.87951072876,-25046.549841889664,368379.3296688391
384254.02631015907,-22755.09453169961,361498.93177845946
377374.375961566,-19775.632647771985,357598.743313794
393950.05917652475,-19666.891584698533,374283.16759182623
415379.9934418181,-22712.06602858723,392667.9274132309
465146.95154817303,-29130.617840615705,436016.33370755735
479294.0630819909,-29409.70472857469,449884.35835341626
436625.3790097786,-22637.769051760773,413987.6099580178
384435.722290628,-19803.86815480348,364631.85413582454
358063.1926560345,-31612.683311979767,326450.50934405474
321894.27259565814,-28313.704483628215,293580.5681120299
253642.70493176565,-11213.983246014504,242428.72168575114
204211.3990383233,-6535.116926854237,197676.28211146905
180818.1789562569,-7274.418277847746,173543.76067840913
165050.7132348664,-7680.288663688121,157370.42457117827
160031.25987536152,-7908.303340949984,152122.95653441153
157828.37731299983,-7909.520948706952,149918.85636429288
145956.9040947505,-8128.428551490629,137828.47554325988
141174.52093310407,-8384.885993314925,132789.63493978913
156811.7019588373,-8428.6654633848,148383.0364954525
177807.1568798237,-8537.851745215277,169269.30513460844
197586.85724608053,-8498.60643807698,189088.25080800356
198974.31577538373,-8607.819551184137,190366.4962241996
192228.0653258665,-8830.00968835318,183398.05563751335
186647.60174459702,-8919.825037480052,177727.77670711698
176708.97289228515,-8971.937349139118,167737.03554314602
178249.01436361222,-8828.502362683354,169420.51200092887
182068.43325730023,-8708.992270958308,173359.4409863419
191119.68727888094,-8577.244815162576,182542.44246371835
213826.60048231794,-7922.962724244847,205903.6377580731
238730.3706746208,-10831.48386846625,227898.88680615454
215267.38270127826,-7829.815695309784,207437.56700596848
186632.1490064994,-8545.53410169319,178086.61490480622
179697.7026135094,-8605.671339435225,171092.0312740742
173804.20787853748,-8671.589651101593,165132.6182274359
149010.67780984423,-8984.980244439601,140025.69756540464
116382.91711390177,-9563.224565663191,106819.69254823859
96648.24724958805,-7995.96877364969,88652.27847593836
89426.5045247724,-8183.379660598101,81243.1248641743
84394.02490485553,-8234.925701656299,76159.09920319924
79254.79311294909,-8243.44082605238,71011.35228689671
72325.38224496706,-7213.918362825631,65111.46388214143
65546.85509667495,-6031.015175245547,59515.8399214294
76072.82273528555,-7692.651395567371,68380.17133971817
102801.99191780075,-7982.572444505482,94819.41947329527
133932.5255197195,-8839.040566134729,125093.48495358476
159243.16172337625,-8499.288740919288,150743.87298245696
184079.89001371732,-8160.7190242789975,175919.1709894383
197478.64273155847,-7903.286936509926,189575.35579504856
190717.9784481506,-7906.989091250484,182810.9893569001
188902.09801952442,-7697.917564661024,181204.1804548634
193526.3996206928,-7306.792139734899,186219.6074809579
203815.56880497374,-6641.857974202419,197173.7108307713
262115.83634865875,-10933.8129326863,251182.02341597245
307040.98588522954,-17957.285231133224,289083.7006540963
292062.49038941966,1984.8028271082815,294047.29321652796
265450.81304805406,7892.36080742898,273343.173855483
264176.1921072768,7778.447912607116,271954.6400198839
267369.2882803012,7479.23297151256,274848.52125181374
220858.94831688172,8292.811580859498,229151.75989774123
191213.08630882218,11527.872812681906,202740.9591215041
180657.0269989577,9989.660327056676,190646.6873260144
178388.5086902001,7809.442340488825,186197.95103068894
192309.15459206532,5857.028013420636,198166.18260548596
219047.31144603295,5302.533039683717,224349.84448571666
290124.29763683135,2922.6126535070907,293046.91029033845
503784.630780053,-589.623349854106,503195.0074301989
671034.0690412709,-2911.8706843831296,668122.1983568878
708800.3082274686,-970.6331770089373,707829.6750504597
687270.5466853133,-406.60201793881265,686863.9446673745
678967.5208638019,-622.5200074526515,678345.0008563492
659411.4964794691,-914.6250565535643,658496.8714229156
629275.1008156479,-1353.733582313252,627921.3672333346
565709.3793315407,-1201.392188692415,564507.9871428482
484642.0885787333,-3870.013851134576,480772.07472759875
477485.27481185907,-21555.43887238082,455929.83593947825
452463.6379816479,-25732.190851345553,426731.4471303024
462068.6358256162,-28902.86691718063,433165.76890843554
474345.9083469001,-23396.069313496235,450949.83903340384
435118.62123746733,-5036.246220506453,430082.3750169609
402683.5288070335,-475.65927974301985,402207.86952729046
388878.6587933558,-126.61054345447906,388752.04824990133
366521.0686362989,-1944.5099028849718,364576.5587334139
304857.558776682,1418.6943773109283,306276.25315399293
260711.47553388035,7097.586476414629,267809.062010295
236768.95603084256,7531.368729102824,244300.3247599454
230370.16659005615,7723.260602008277,238093.42719206444
233083.6929233195,7912.786638929937,240996.47956224944
240796.0112811308,8296.400888365344,249092.41216949615
285944.42273532954,5482.386173893458,291426.808909223
440129.80748229235,-47.56674231799923,440082.24073997437
570000.0974672171,-155.32631385223834,569844.7711533649
532208.0425567271,-701.1605948212607,531506.8819619059
467709.6195715779,-198.76480105958217,467510.8547705183
446563.61035011284,634.3836174571061,447197.99396756996
436895.14668989414,1085.1531954331058,437980.29988532723
466898.7526715764,1740.1637887324096,468638.9164603088
487052.3247267289,1751.1528919102855,488803.4776186392
481348.2177193618,1682.7043324186538,483030.9220517805
492382.4905265038,1760.566085620008,494143.05661212385
551148.6332740608,1695.187632243895,552843.8209063046
595075.6956061935,-227.53308746288837,594848.1625187306
631306.4350759693,-576.0281405527874,630730.4069354165
554401.0609481089,184.1576997702687,554585.2186478792
461783.62756900635,339.53944748773597,462123.1670164941
419924.56982112105,2310.4839545653854,422235.0537756864
382698.49583265936,3344.5127538391453,386043.0085864985
304888.6894947962,624.1545235494452,305512.84401834564
